Kristian Banlaoi vs. Pokemon SSE,pokemon,D_HP,D_ATK,D_DEF,D_SPA,D_SPD,D_SPE,SSE
0,Bulbasaur,5,-55,-11,5,-37,2,4569
1,Ivysaur,20,-42,3,20,-22,17,3346
2,Venusaur,40,-22,23,40,-2,37,5586
3,Venusaur (Mega Venusaur),40,-4,63,62,18,37,11122
4,Charmander,-1,-52,-17,0,-52,22,6182
5,Charmeleon,18,-40,-2,20,-37,37,5066
6,Charizard,38,-20,18,49,-17,57,8107
7,Charizard (Mega Charizard X),38,26,51,70,-17,57,13159
8,Charizard (Mega Charizard Y),38,0,18,99,13,57,14987
9,Squirtle,4,-56,5,-10,-38,0,4721
10,Wartortle,19,-41,20,5,-22,15,3176
11,Blastoise,39,-21,40,25,3,35,5421
12,Blastoise (Mega Blastoise),39,-1,60,75,13,35,12141
13,Caterpie,5,-74,-25,-40,-82,2,14454
14,Metapod,10,-84,-5,-35,-77,-13,14504
15,Butterfree,20,-59,-10,30,-22,27,6094
16,Weedle,0,-69,-30,-40,-82,7,14034
17,Kakuna,5,-79,-10,-35,-77,-8,13584
18,Beedrill,25,-14,-20,-15,-22,32,2954
19,Beedrill (Mega Beedrill),25,46,-20,-45,-22,102,16054
20,Pidgey,0,-59,-20,-25,-67,13,9164
21,Pidgeotto,23,-44,-5,-10,-52,28,6078
22,Pidgeot,43,-24,15,10,-32,58,7138
23,Pidgeot (Mega Pidgeot),43,-24,20,75,-22,78,15018
24,Rattata,-10,-48,-25,-35,-67,29,9584
25,Rattata (Alolan Rattata),-10,-48,-25,-35,-67,29,9584
26,Raticate,15,-23,0,-10,-32,54,4794
27,Raticate (Alolan Raticate),35,-33,10,-20,-22,34,4454
28,Spearow,0,-44,-30,-29,-71,27,9447
29,Fearow,25,-14,5,1,-41,57,5777
30,Ekans,-5,-44,-16,-20,-48,12,5065
31,Arbok,20,-9,9,5,-23,37,2485
32,Pikachu,-5,-49,-20,-10,-52,47,7839
33,Pikachu (Partner Pikachu),5,-24,-10,15,-42,77,8619
34,Raichu,20,-14,-5,30,-22,67,6494
35,Raichu (Alolan Raichu),20,-19,-10,35,-17,67,6864
36,Sandshrew,10,-29,25,-40,-72,-3,8359
37,Sandshrew (Alolan Sandshrew),10,-29,30,-50,-67,-3,8839
38,Sandslash,35,-4,50,-15,-47,22,6659
39,Sandslash (Alolan Sandslash),35,-4,60,-35,-37,22,7919
40,Nidoran♀,15,-57,-8,-20,-62,-2,7786
41,Nidorina,30,-42,7,-5,-47,13,5116
42,Nidoqueen,50,-12,27,15,-17,33,4976
43,Nidoran♂,6,-47,-20,-20,-62,7,6938
44,Nidorino,21,-32,-3,-5,-47,22,4192
45,Nidoking,41,-2,17,25,-27,42,5092
46,Clefairy,30,-59,-12,0,-37,-8,5958
47,Clefable,55,-34,13,35,-12,17,6008
48,Vulpix,-2,-63,-20,-10,-37,22,6326
49,Vulpix (Alolan Vulpix),-2,-63,-20,-10,-37,22,6326
50,Ninetales,33,-28,15,21,-2,57,5792
51,Ninetales (Alolan Ninetales),33,-37,15,21,-2,66,7484
52,Jigglypuff,75,-59,-40,-15,-77,-23,17389
53,Wigglytuff,100,-34,-15,25,-52,2,14714
54,Zubat,0,-59,-25,-30,-62,12,8994
55,Golbat,35,-24,10,5,-27,47,4864
56,Oddish,5,-54,-5,15,-37,-13,4729
57,Gloom,20,-39,10,25,-27,-3,3384
58,Vileplume,35,-24,25,50,-12,7,5119
59,Paras,-5,-34,-5,-15,-47,-18,3964
60,Parasect,20,-9,20,0,-22,-13,1534
61,Venonat,20,-49,-10,-20,-47,2,5514
62,Venomoth,30,-39,0,30,-27,47,6259
63,Diglett,-30,-49,-35,-25,-57,52,11104
64,Diglett (Alolan Diglett),-30,-49,-30,-25,-57,47,10284
65,Dugtrio,-5,-4,-10,-10,-32,77,7194
66,Dugtrio (Alolan Dugtrio),-5,-4,0,-10,-32,67,5654
67,Meowth,0,-59,-25,-20,-62,47,10559
68,Meowth (Alolan Meowth),0,-69,-25,-10,-62,47,11539
69,Meowth (Galarian Meowth),10,-39,-5,-20,-62,-3,5899
70,Persian,25,-34,0,5,-37,72,8359
71,Persian (Alolan Persian),25,-44,0,15,-37,72,9339
72,Psyduck,10,-52,-12,5,-52,12,5821
73,Golduck,40,-22,18,35,-22,42,5881
74,Mankey,0,-24,-25,-25,-57,27,5804
75,Primeape,25,1,0,0,-32,52,4354
76,Growlithe,15,-34,-15,10,-52,17,4699
77,Growlithe (Hisuian Growlithe),20,-29,-15,5,-52,12,4339
78,Arcanine,50,6,20,40,-22,52,7724
79,Arcanine (Hisuian Arcanine),55,11,20,35,-22,47,7464
80,Poliwag,0,-54,-20,-20,-62,47,9769
81,Poliwhirl,25,-39,5,-10,-52,47,7184
82,Poliwrath,50,-9,35,10,-12,27,4779
83,Abra,-15,-84,-45,45,-47,47,15749
84,Kadabra,0,-69,-30,60,-32,62,14129
85,Alakazam,15,-54,-15,75,-7,77,14969
86,Alakazam (Mega Alakazam),15,-54,5,115,3,107,27849
87,Machop,30,-24,-10,-25,-67,-8,6754
88,Machoke,40,-4,10,-10,-42,2,3584
89,Machamp,50,26,20,5,-17,12,4034
90,Bellsprout,10,-29,-25,10,-72,-3,6859
91,Weepinbell,25,-14,-10,25,-57,12,4939
92,Victreebel,40,1,5,40,-32,27,4979
93,Tentacool,0,-64,-25,-10,-2,27,5554
94,Tentacruel,40,-34,5,20,18,57,6754
95,Geodude,0,-24,40,-30,-72,-23,8789
96,Geodude (Alolan Geodude),0,-24,40,-30,-72,-23,8789
97,Graveler,15,-9,55,-15,-57,-8,6869
98,Graveler (Alolan Graveler),15,-9,55,-15,-57,-8,6869
99,Golem,40,16,70,-5,-37,2,8154
100,Golem (Alolan Golem),40,16,70,-5,-37,2,8154
101,Ponyta,10,-19,-5,5,-37,47,4089
102,Ponyta (Galarian Ponyta),10,-19,-5,5,-37,47,4089
103,Rapidash,25,-4,10,20,-22,62,5469
104,Rapidash (Galarian Rapidash),25,-4,10,20,-22,62,5469
105,Slowpoke,50,-39,5,-20,-62,-28,9074
106,Slowpoke (Galarian Slowpoke),50,-39,5,-20,-62,-28,9074
107,Slowbro,55,-29,50,40,-22,-13,8619
108,Slowbro (Mega Slowbro),55,-29,120,70,-22,-13,23819
109,Slowbro (Galarian Slowbro),55,-4,35,40,-32,-13,7059
110,Magnemite,-15,-69,10,35,-47,2,8524
111,Magneton,10,-44,35,60,-32,27,8614
112,Farfetch'd,12,-14,-5,-2,-40,17,2258
113,Farfetch'd (Galarian Farfetch'd),12,-9,-5,-2,-40,12,1998
114,Doduo,-5,-19,-15,-25,-67,32,6749
115,Dodrio,20,6,10,0,-42,67,6789
116,Seel,25,-59,-5,-15,-32,2,5384
117,Dewgong,50,-34,20,10,-7,27,4934
118,Grimer,40,-24,-10,-20,-52,-18,5704
119,Grimer (Alolan Grimer),40,-24,-10,-20,-52,-18,5704
120,Muk,65,1,15,5,-2,7,4529
121,Muk (Alolan Muk),65,1,15,5,-2,7,4529
122,Shellder,-10,-39,40,-15,-77,-3,9384
123,Cloyster,10,-9,120,25,-57,27,19184
124,Gastly,-10,-69,-30,40,-67,37,13219
125,Haunter,5,-54,-15,55,-47,52,11104
126,Gengar,20,-39,0,70,-27,67,12039
127,Gengar (Mega Gengar),20,-39,20,110,-7,87,22039
128,Onix,-5,-59,100,-30,-57,27,18384
129,Drowzee,20,-56,-15,-17,-12,-1,4195
130,Hypno,45,-31,10,13,13,24,4000
131,Krabby,-10,1,30,-35,-77,7,8204
132,Kingler,15,26,55,-10,-52,32,7754
133,Voltorb,0,-74,-10,-5,-47,57,11059
134,Voltorb (Hisuian Voltorb),0,-74,-10,-5,-47,57,11059
135,Electrode,20,-54,10,20,-22,107,15749
136,Electrode (Hisuian Electrode),20,-54,10,20,-22,107,15749
137,Exeggcute,20,-64,20,0,-57,-3,8154
138,Exeggutor,55,-9,25,65,-27,12,8829
139,Exeggutor (Alolan Exeggutor),55,1,25,65,-27,2,8609
140,Cubone,10,-54,35,-20,-52,-8,7409
141,Marowak,20,-24,50,-10,-22,2,4064
142,Marowak (Alolan Marowak),20,-24,50,-10,-22,2,4064
143,Hitmonlee,10,16,-7,-25,8,44,3030
144,Hitmonchan,10,1,19,-25,8,33,2240
145,Lickitung,50,-49,15,0,-27,-13,6024
146,Koffing,0,-39,35,0,-57,-8,6059
147,Weezing,25,-14,60,25,-32,17,6359
148,Weezing (Galarian Weezing),25,-14,60,25,-32,17,6359
149,Rhyhorn,40,-19,35,-30,-72,-18,9594
150,Rhydon,65,26,60,-15,-57,-3,11984
151,Chansey,210,-99,-55,-25,3,7,57609
152,Tangela,25,-49,55,40,-62,17,11784
153,Kangaskhan,65,-9,20,-20,-22,47,7799
154,Kangaskhan (Mega Kangaskhan),65,21,40,0,-2,57,9519
155,Horsea,-10,-64,10,10,-77,17,10614
156,Seadra,15,-39,35,35,-57,42,9209
157,Goldeen,5,-37,0,-25,-52,20,5123
158,Seaking,40,-12,5,5,-22,25,2903
159,Staryu,-10,-59,-5,10,-47,42,7679
160,Starmie,20,-29,25,40,-17,72,8939
161,Mr. Mime,0,-59,5,40,18,47,7639
162,Mr. Mime (Galarian Mr. Mime),10,-39,5,30,-12,57,5939
163,Scyther,30,6,20,-5,-22,62,5689
164,Jynx,25,-54,-25,55,-7,52,9944
165,Electabuzz,25,-21,-3,35,-17,62,6433
166,Magmar,25,-9,-3,40,-17,50,5104
167,Pinsir,25,21,40,-5,-32,42,5479
168,Pinsir (Mega Pinsir),25,51,60,5,-12,62,10839
169,Tauros,35,-4,35,-20,-32,67,8379
170,Tauros (Paldean Tauros (Combat Breed)),35,6,45,-30,-32,57,8459
171,Tauros (Paldean Tauros (Blaze Breed)),35,6,45,-30,-32,57,8459
172,Tauros (Paldean Tauros (Aqua Breed)),35,6,45,-30,-32,57,8459
173,Magikarp,-20,-94,-5,-45,-82,37,19379
174,Gyarados,55,21,19,0,-2,38,5275
175,Gyarados (Mega Gyarados),55,51,49,10,28,38,10355
176,Lapras,90,-19,20,25,-7,17,9824
177,Ditto,8,-56,-12,-12,-54,5,6429
178,Eevee,15,-49,-10,-15,-37,12,4464
179,Eevee (Partner Eevee),25,-29,10,5,-17,32,2904
180,Vaporeon,90,-39,0,50,-7,22,12654
181,Jolteon,25,-39,0,50,-7,87,12264
182,Flareon,25,26,0,35,8,22,3074
183,Porygon,25,-44,10,25,-27,-3,4024
184,Omanyte,-5,-64,40,30,-47,-8,8894
185,Omastar,30,-44,65,55,-32,12,11254
186,Kabuto,-10,-24,30,-5,-57,12,4994
187,Kabutops,20,11,45,5,-32,37,4964
188,Aerodactyl,40,1,5,0,-27,87,9924
189,Aerodactyl (Mega Aerodactyl),40,31,25,10,-7,107,14784
190,Snorlax,120,6,5,5,8,-13,14719
191,Articuno,50,-19,40,35,23,42,7979
192,Articuno (Galarian Articuno),50,-19,25,65,-2,52,10419
193,Zapdos,50,-14,25,65,-12,57,10939
194,Zapdos (Galarian Zapdos),50,21,30,25,-12,57,7859
195,Moltres,50,-4,30,65,-17,47,10139
196,Moltres (Galarian Moltres),50,-19,30,40,23,47,8099
197,Dratini,1,-40,-15,-10,-52,7,4679
198,Dragonair,21,-20,5,10,-32,27,2719
199,Dragonite,51,30,35,40,-2,37,7699
200,Mewtwo,66,6,30,94,-12,87,21841
201,Mewtwo (Mega Mewtwo X),66,86,40,94,-2,87,29761
202,Mewtwo (Mega Mewtwo Y),66,46,10,134,18,97,34261
203,Mew,60,-4,40,40,-2,57,10069
204,Chikorita,5,-55,5,-11,-37,2,4569
205,Bayleef,20,-42,20,3,-22,17,3346
206,Meganium,40,-22,40,23,-2,37,5586
207,Cyndaquil,-1,-52,-17,0,-52,22,6182
208,Quilava,18,-40,-2,20,-37,37,5066
209,Typhlosion,38,-20,18,49,-17,57,8107
210,Typhlosion (Hisuian Typhlosion),33,-20,18,59,-17,52,8287
211,Totodile,10,-39,4,-16,-54,0,4809
212,Croconaw,25,-24,20,-1,-39,15,3348
213,Feraligatr,45,1,40,19,-19,35,5573
214,Sentret,-5,-58,-26,-25,-57,-23,8468
215,Furret,45,-28,4,-15,-47,47,7468
216,Hoothoot,20,-74,-30,-24,-46,7,9517
217,Noctowl,60,-54,-10,26,-6,27,8057
218,Ledyba,0,-84,-30,-20,-22,12,8984
219,Ledian,15,-69,-10,-5,8,42,6939
220,Spinarak,0,-44,-20,-20,-62,-13,6749
221,Ariados,30,-14,10,0,-32,-3,2229
222,Crobat,45,-14,20,10,-22,87,10774
223,Chinchou,35,-66,-22,-4,-46,24,8773
224,Lanturn,85,-46,-2,16,-26,24,10853
225,Pichu,-20,-64,-45,-25,-67,17,11924
226,Cleffa,10,-79,-32,-15,-47,-28,10583
227,Igglybuff,50,-74,-45,-20,-82,-28,17909
228,Togepi,-5,-84,5,-20,-37,-23,9404
229,Togetic,15,-64,25,20,3,-3,5364
230,Natu,0,-54,-15,10,-57,27,7219
231,Xatu,25,-29,10,35,-32,52,6519
232,Mareep,15,-64,-20,5,-57,-8,8059
233,Flaaffy,30,-49,-5,20,-42,2,5494
234,Ampharos,50,-29,25,55,-12,12,7279
235,Ampharos (Mega Ampharos),50,-9,45,105,8,2,15699
236,Bellossom,35,-24,35,30,-2,7,3979
237,Marill,30,-84,-10,-40,-52,-3,12369
238,Azumarill,60,-54,20,0,-22,7,7449
239,Sudowoodo,30,-4,55,-30,-37,-13,6379
240,Politoed,50,-29,15,30,-2,27,5199
241,Hoppip,-5,-69,-20,-25,-47,7,8069
242,Skiploom,15,-59,-10,-15,-37,37,6769
243,Jumpluff,35,-49,10,-5,-7,67,8289
244,Aipom,15,-34,-5,-20,-47,42,5779
245,Sunkern,-10,-74,-30,-30,-72,-13,12729
246,Sunflora,35,-29,-5,45,-17,-13,4574
247,Yanma,25,-39,-15,15,-57,52,8549
248,Wooper,15,-59,-15,-35,-77,-28,11869
249,Wooper (Paldean Wooper),15,-59,-15,-35,-77,-28,11869
250,Quagsire,55,-19,25,5,-37,-8,5469
251,Espeon,25,-39,0,70,-7,67,11584
252,Umbreon,55,-39,50,0,28,22,8314
253,Murkrow,20,-19,-18,25,-60,48,7614
254,Slowking,55,-29,20,40,8,-13,6099
255,Slowking (Galarian Slowking),55,-39,20,50,8,-13,7679
256,Misdreavus,20,-44,0,25,-17,42,5014
257,Unown,8,-32,-12,12,-54,5,4317
258,Wobbuffet,150,-71,-2,-27,-44,-10,30310
259,Girafarig,30,-24,5,30,-37,42,5534
260,Pineco,10,-39,30,-25,-67,-28,8419
261,Forretress,35,-14,80,0,-42,-3,9594
262,Dunsparce,60,-34,10,5,-37,2,6254
263,Gligar,25,-29,45,-25,-37,42,7249
264,Steelix,35,-19,140,-5,-37,-13,22749
265,Steelix (Mega Steelix),35,21,170,-5,-7,-13,30809
266,Snubbull,20,-24,-10,-20,-62,-13,5489
267,Granbull,50,16,15,0,-42,2,4749
268,Qwilfish,25,-9,25,-5,-47,42,5329
269,Qwilfish (Hisuian Qwilfish),25,-9,25,-5,-47,42,5329
270,Scizor,30,26,40,-5,-22,22,4169
271,Scizor (Mega Scizor),30,46,80,5,-2,32,10469
272,Shuckle,-20,-94,170,-50,128,-38,58464
273,Heracross,40,21,15,-20,-7,42,4479
274,Heracross (Mega Heracross),40,81,55,-20,3,32,12619
275,Sneasel,15,-9,-5,-25,-27,72,6869
276,Sneasel (Hisuian Sneasel),15,-9,-5,-25,-27,72,6869
277,Teddiursa,20,-24,-10,-10,-52,-3,3889
278,Ursaring,50,26,15,15,-27,12,4499
279,Slugma,0,-64,-20,10,-62,-23,8969
280,Magcargo,20,-54,60,30,-22,-13,8469
281,Swinub,10,-54,-20,-30,-72,7,9549
282,Piloswine,60,-4,20,0,-42,7,5829
283,Corsola,25,-49,35,5,-7,-8,4389
284,Corsola (Galarian Corsola),20,-49,40,5,-2,-13,4599
285,Remoraid,-5,-39,-25,5,-67,22,7169
286,Octillery,35,1,15,45,-27,2,4209
287,Delibird,5,-49,-15,5,-57,32,6949
288,Mantine,45,-64,10,20,38,27,8794
289,Skarmory,25,-24,80,-20,-32,27,9754
290,Houndour,5,-44,-30,20,-52,22,6449
291,Houndoom,35,-14,-10,50,-22,52,7209
292,Houndoom (Mega Houndoom),35,-14,30,80,-12,72,14049
293,Kingdra,35,-9,35,35,-7,42,5569
294,Phanpy,50,-44,0,-20,-62,-3,8689
295,Donphan,50,16,60,0,-42,7,8169
296,Porygon2,45,-24,30,45,-7,17,5864
297,Stantler,33,-9,2,25,-37,42,4932
298,Smeargle,15,-84,-25,-40,-57,32,13779
299,Tyrogue,-5,-69,-25,-25,-67,-8,10589
300,Hitmontop,10,-9,35,-25,8,27,2824
301,Smoochum,5,-74,-45,25,-37,22,10004
302,Elekid,5,-41,-23,5,-47,52,7173
303,Magby,5,-29,-23,10,-47,40,5304
304,Miltank,55,-24,45,-20,-32,57,10299
305,Blissey,215,-94,-50,15,33,12,59019
306,Raikou,50,-19,15,55,-2,72,11299
307,Entei,75,11,25,30,-27,57,11249
308,Suicune,60,-29,55,30,13,42,10299
309,Larvitar,10,-40,-10,-15,-52,-2,4733
310,Pupitar,30,-20,10,5,-32,8,2513
311,Tyranitar,60,30,50,35,-2,18,8553
312,Tyranitar (Mega Tyranitar),60,60,90,35,18,28,17633
313,Lugia,66,-14,70,30,52,67,17545
314,Ho-Oh,66,26,30,50,52,47,13345
315,Celebi,60,-4,40,40,-2,57,10069
316,Treecko,0,-59,-25,5,-47,27,7069
317,Grovyle,10,-39,-15,25,-37,52,6544
318,Sceptile,30,-19,5,45,-17,77,9529
319,Sceptile (Mega Sceptile),30,6,15,85,-17,102,19079
320,Torchic,5,-44,-20,10,-52,2,5169
321,Combusken,20,-19,0,25,-42,12,3294
322,Blaziken,40,16,10,50,-32,37,6849
323,Blaziken (Mega Blaziken),40,56,20,70,-22,57,13769
324,Mudkip,10,-34,-10,-10,-52,-3,4169
325,Marshtomp,30,-19,10,0,-32,7,2434
326,Swampert,60,6,30,25,-12,17,5594
327,Swampert (Mega Swampert),60,46,50,35,8,27,10234
328,Poochyena,-5,-49,-25,-30,-72,-8,9199
329,Mightyena,30,-14,10,0,-42,27,3689
330,Zigzagoon,-2,-74,-19,-30,-61,17,10751
331,Zigzagoon (Galarian Zigzagoon),-2,-74,-19,-30,-61,17,10751
332,Linoone,38,-34,1,-10,-41,57,7631
333,Linoone (Galarian Linoone),38,-34,1,-10,-41,57,7631
334,Wurmple,5,-59,-25,-40,-72,-23,11444
335,Silcoon,10,-69,-5,-35,-77,-28,12824
336,Beautifly,20,-34,-10,40,-52,22,6444
337,Cascoon,10,-69,-5,-35,-77,-28,12824
338,Dustox,20,-54,10,-10,-12,22,4144
339,Lotad,0,-74,-30,-20,-52,-13,9649
340,Lombre,20,-54,-10,0,-32,7,4489
341,Ludicolo,40,-34,10,30,-2,27,4489
342,Seedot,0,-64,-10,-30,-72,-13,10449
343,Nuzleaf,30,-34,-20,0,-62,17,6589
344,Shiftry,50,-4,0,30,-42,37,6549
345,Taillow,0,-49,-30,-30,-72,42,11149
346,Swellow,20,-19,0,15,-52,82,10414
347,Wingull,0,-74,-30,-5,-72,42,13349
348,Pelipper,20,-54,40,35,-32,22,7649
349,Ralts,-12,-79,-35,-15,-67,-3,12333
350,Kirlia,-2,-69,-25,5,-47,7,7673
351,Gardevoir,28,-39,5,65,13,37,8093
352,Gardevoir (Mega Gardevoir),28,-19,5,105,33,57,16533
353,Surskit,0,-74,-28,-10,-50,22,9344
354,Masquerain,30,-44,2,40,-20,37,6209
355,Shroomish,20,-64,0,-20,-42,-8,6724
356,Breloom,20,26,20,0,-42,27,3969
357,Slakoth,20,-44,0,-25,-67,-13,7619
358,Vigoroth,40,-24,20,-5,-47,47,7019
359,Slaking,110,56,40,35,-37,57,22679
360,Nincada,-9,-59,30,-30,-72,-3,10555
361,Ninjask,21,-14,-15,-10,-52,117,17355
362,Shedinja,-39,-14,-15,-30,-72,-3,8035
363,Whismur,24,-53,-37,-9,-79,-15,11301
364,Loudred,44,-33,-17,11,-59,5,6941
365,Exploud,64,-13,3,31,-29,25,6701
366,Makuhita,32,-44,-30,-40,-72,-18,10968
367,Hariyama,104,16,0,-20,-42,7,13285
368,Azurill,10,-84,-20,-40,-62,-23,13529
369,Nosepass,-10,-59,75,-15,-12,-13,9744
370,Skitty,10,-59,-15,-25,-67,7,8969
371,Delcatty,30,-39,5,-5,-47,47,6889
372,Sableye,10,-29,15,5,-37,7,2609
373,Sableye (Mega Sableye),10,-19,65,25,13,-23,6009
374,Mawile,10,-19,25,-5,-47,7,3369
375,Mawile (Mega Mawile),10,1,65,-5,-7,7,4449
376,Aron,10,-34,40,-20,-62,-13,7269
377,Lairon,20,-14,80,-10,-52,-3,9809
378,Aggron,30,6,120,0,-42,7,17149
379,Aggron (Mega Aggron),30,36,170,0,-22,7,31629
380,Meditite,-10,-64,-5,-20,-47,17,7119
381,Medicham,20,-44,15,0,-27,37,4659
382,Medicham (Mega Medicham),20,-4,25,20,-17,57,4979
383,Electrike,0,-59,-20,5,-62,22,8234
384,Manectric,30,-29,0,45,-42,62,9374
385,Manectric (Mega Manectric),30,-29,20,75,-22,92,16714
386,Plusle,20,-54,-20,25,-27,52,7774
387,Minun,20,-64,-10,15,-17,52,7814
388,Volbeat,25,-31,15,-13,-17,42,4033
389,Illumise,25,-57,15,13,-17,42,6321
390,Roselia,10,-44,-15,40,-22,22,4829
391,Gulpin,30,-61,-7,-17,-49,-3,7369
392,Swalot,60,-31,23,13,-19,12,5764
393,Carvanha,5,-14,-40,5,-82,22,9054
394,Sharpedo,30,16,-20,35,-62,52,9329
395,Sharpedo (Mega Sharpedo),30,36,10,50,-37,62,10009
396,Wailmer,90,-34,-25,10,-67,17,14759
397,Wailord,130,-14,-15,30,-57,17,21759
398,Numel,20,-44,-20,5,-57,-8,6074
399,Camerupt,30,-4,10,45,-27,-3,3779
400,Camerupt (Mega Camerupt),30,16,40,85,3,-23,10519
401,Torkoal,30,-19,80,25,-32,-23,9839
402,Spoink,20,-79,-25,10,-22,17,8139
403,Grumpig,40,-59,5,30,8,37,7439
404,Spinda,20,-44,0,0,-42,17,4389
405,Trapinch,5,-4,-15,-15,-57,-33,4829
406,Vibrava,10,-34,-10,-10,-52,27,4889
407,Flygon,40,-4,20,20,-22,57,6149
408,Cacnea,10,-19,-20,25,-62,-8,5394
409,Cacturne,30,11,0,55,-42,12,5954
410,Swablu,5,-64,0,-20,-27,7,5299
411,Altaria,35,-34,30,10,3,37,4759
412,Altaria (Mega Altaria),35,6,50,50,3,37,7639
413,Zangoose,33,11,0,0,-42,47,5183
414,Seviper,33,-4,0,40,-42,22,4953
415,Lunatone,50,-49,5,35,-17,27,7169
416,Solrock,50,-9,25,-5,-37,27,5329
417,Barboach,10,-56,-17,-14,-61,17,7731
418,Whiscash,70,-26,13,16,-31,17,7251
419,Corphish,3,-24,5,-10,-67,-8,5263
420,Crawdaunt,23,16,25,30,-47,12,4663
421,Baltoy,0,-64,-5,-20,-32,12,5689
422,Claydol,20,-34,45,10,18,32,5029
423,Lileep,26,-63,17,1,-15,-20,5560
424,Cradily,46,-23,37,21,5,0,4480
425,Anorith,5,-9,-10,-20,-52,32,4334
426,Armaldo,35,21,40,10,-22,2,3854
427,Feebas,-20,-89,-40,-50,-47,37,15999
428,Milotic,55,-44,19,40,23,38,8895
429,Castform,30,-34,10,10,-32,27,4009
430,Kecleon,20,-14,10,0,18,-3,1029
431,Shuppet,4,-29,-25,3,-69,2,6256
432,Banette,24,11,5,23,-39,22,3256
433,Banette (Mega Banette),24,61,15,33,-19,32,6996
434,Duskull,-20,-64,30,-30,-12,-18,6764
435,Dusclops,0,-34,70,0,28,-18,7164
436,Tropius,59,-36,23,12,-15,8,5739
437,Chimecho,35,-54,20,35,-12,22,6394
438,Absol,25,26,0,15,-42,32,4314
439,Absol (Mega Absol),25,46,0,55,-42,72,12714
440,Wynaut,55,-81,-12,-37,-54,-20,14415
441,Snorunt,10,-54,-10,-10,-52,7,5969
442,Glalie,40,-24,20,20,-22,37,4829
443,Glalie (Mega Glalie),40,16,20,60,-22,57,9589
444,Spheal,30,-64,-10,-5,-52,-18,8149
445,Sealeo,50,-44,10,15,-32,2,5789
446,Walrein,70,-24,30,35,-12,22,8229
447,Clamperl,-5,-40,25,14,-47,-11,4776
448,Huntail,15,0,45,34,-27,9,4216
449,Gorebyss,15,-20,45,54,-27,9,6376
450,Relicanth,60,-14,70,-15,-37,12,10434
451,Luvdisc,3,-74,-5,-20,-37,54,10195
452,Bagon,5,-29,0,-20,-72,7,6499
453,Shelgon,25,-9,40,0,-52,7,5059
454,Salamence,55,31,20,50,-22,57,10619
455,Salamence (Mega Salamence),55,41,70,60,-12,77,19279
456,Beldum,0,-49,20,-25,-42,-13,5359
457,Metang,20,-29,40,-5,-22,7,3399
458,Metagross,40,31,70,35,-12,27,9559
459,Metagross (Mega Metagross),40,41,90,45,8,67,17959
460,Regirock,40,-4,140,-10,-2,7,21369
461,Regice,40,-54,40,40,98,7,17369
462,Registeel,40,-29,90,15,48,7,13119
463,Latias,40,-24,30,50,28,67,10849
464,Latias (Mega Latias),40,-4,60,80,48,67,18409
465,Latios,40,-14,20,70,8,67,11649
466,Latios (Mega Latios),40,26,40,100,18,67,18689
467,Kyogre,60,-4,30,90,38,47,16269
468,Kyogre (Primal Kyogre),60,46,30,120,58,47,26589
469,Groudon,60,46,80,40,-12,47,16069
470,Groudon (Primal Groudon),60,76,100,90,-12,47,29829
471,Rayquaza,65,46,30,90,-12,52,18189
472,Rayquaza (Mega Rayquaza),65,76,40,120,-2,72,31189
473,Jirachi,60,-4,40,40,-2,57,10069
474,Deoxys (Normal Forme),10,46,-10,90,-52,107,24569
475,Deoxys (Attack Forme),10,76,-40,120,-82,107,40049
476,Deoxys (Defense Forme),10,-34,100,10,58,47,16929
477,Deoxys (Speed Forme),10,-9,30,35,-12,137,21219
478,Turtwig,15,-36,4,-15,-47,-12,4115
479,Grotle,35,-15,25,-5,-37,-7,3518
480,Torterra,55,5,45,15,-17,13,5758
481,Chimchar,4,-46,-16,-2,-58,18,6080
482,Monferno,24,-26,-8,18,-50,38,5584
483,Infernape,36,0,11,44,-31,65,8539
484,Piplup,13,-53,-7,1,-46,-3,5153
485,Prinplup,24,-38,8,21,-26,7,3250
486,Empoleon,44,-18,28,51,-1,17,5935
487,Starly,0,-49,-30,-30,-72,17,9674
488,Staravia,15,-29,-10,-20,-62,37,6779
489,Staraptor,45,16,10,-10,-42,57,7494
490,Bidoof,19,-59,-20,-25,-62,-12,8855
491,Bibarel,39,-19,0,-5,-42,28,4455
492,Kricketot,-3,-79,-19,-35,-61,-18,11881
493,Kricketune,37,-19,-9,-5,-51,22,4921
494,Shinx,5,-39,-26,-20,-68,2,7250
495,Luxio,20,-19,-11,0,-53,17,3980
496,Luxray,40,16,19,35,-23,27,4700
497,Budew,0,-74,-25,-10,-32,12,7369
498,Roserade,20,-34,5,65,3,47,8024
499,Cranidos,27,21,-20,-30,-72,15,7879
500,Rampardos,57,61,0,5,-52,15,9924
501,Shieldon,-10,-62,58,-18,-14,-13,7997
502,Bastiodon,20,-52,108,-13,36,-13,16402
503,Burmy,0,-75,-15,-31,-57,-7,10109
504,Wormadam (Plant Cloak),20,-45,25,19,3,-7,3469
505,Wormadam (Sandy Cloak),20,-25,45,-1,-17,-7,3389
506,Wormadam (Trash Cloak),20,-35,35,9,-7,-7,3029
507,Mothim,30,-10,-10,34,-52,23,5489
508,Combee,-10,-74,-18,-30,-60,27,11129
509,Vespiquen,30,-24,42,20,0,-3,3649
510,Pachirisu,20,-59,10,-15,-12,52,7054
511,Buizel,15,-39,-25,0,-72,42,9319
512,Floatzel,45,1,-5,25,-52,72,10564
513,Cherubi,5,-69,-15,2,-49,-8,7480
514,Cherrim,30,-44,10,27,-24,42,6005
515,Shellos,36,-56,-12,-3,-40,-9,6266
516,Gastrodon,71,-21,8,32,-20,-4,6986
517,Ambipom,35,-4,6,0,-36,72,7757
518,Drifloon,50,-54,-26,0,-58,27,10185
519,Drifblim,110,-24,-16,30,-48,37,17505
520,Buneary,15,-38,-16,-16,-46,42,6061
521,Lopunny,25,-28,24,-6,-6,62,5901
522,Lopunny (Mega Lopunny),25,32,34,-6,-6,92,11341
523,Mismagius,20,-44,0,45,3,62,8214
524,Honchkrow,60,21,-8,45,-50,28,9414
525,Glameow,9,-49,-18,-18,-65,42,9119
526,Purugly,31,-22,4,4,-43,69,8087
527,Chingling,5,-74,-10,5,-52,2,8334
528,Stunky,23,-41,-13,-19,-61,31,7422
529,Skuntank,63,-11,7,11,-41,41,7622
530,Bronzor,17,-80,26,-36,-16,-20,9317
531,Bronzong,27,-15,56,19,14,-10,4747
532,Bonsly,10,-24,35,-50,-57,-33,8739
533,Mime Jr.,-20,-79,-15,10,-12,17,7399
534,Happiny,60,-99,-55,-45,-37,-13,19989
535,Chatot,36,-39,-15,32,-60,48,9970
536,Spiritomb,10,-12,48,32,6,-8,3672
537,Gible,18,-34,-15,-20,-57,-1,5355
538,Gabite,28,-14,5,-10,-47,39,4835
539,Garchomp,68,26,35,20,-17,59,10695
540,Garchomp (Mega Garchomp),68,66,55,60,-7,49,18055
541,Munchlax,95,-19,-20,-20,-17,-38,11919
542,Riolu,0,-34,-20,-25,-62,17,6314
543,Lucario,30,6,10,55,-32,47,7294
544,Lucario (Mega Lucario),30,41,28,80,-32,69,15550
545,Hippopotas,28,-32,18,-22,-60,-11,6337
546,Hippowdon,68,8,58,8,-30,4,9032
547,Skorupi,0,-54,30,-30,-47,22,7409
548,Drapion,30,-14,50,0,-27,52,7029
549,Croagunk,8,-43,-20,1,-62,7,6207
550,Toxicroak,43,2,5,26,-37,42,5687
551,Carnivine,34,-4,12,30,-30,3,3125
552,Finneon,9,-55,-4,-11,-41,23,5453
553,Lumineon,29,-35,16,9,-16,48,4963
554,Mantyke,5,-84,-10,0,18,7,7554
555,Snover,20,-42,-10,2,-42,-3,4041
556,Abomasnow,50,-12,15,32,-17,17,4471
557,Abomasnow (Mega Abomasnow),50,28,45,72,3,-13,10671
558,Weavile,30,16,5,-15,-17,82,8419
559,Magnezone,30,-34,55,70,-12,17,10414
560,Lickilicky,70,-19,35,20,-7,7,6984
561,Rhyperior,75,36,70,-5,-47,-3,14064
562,Tangrowth,60,-4,65,50,-52,7,13094
563,Electivire,35,19,7,35,-17,52,5853
564,Magmortar,35,-9,7,65,-7,40,7229
565,Togekiss,45,-54,35,60,13,37,11304
566,Yanmega,46,-28,26,56,-46,52,11532
567,Leafeon,25,6,70,0,-37,52,9634
568,Glaceon,25,-44,50,70,-7,22,10494
569,Gliscor,35,-9,65,-15,-27,52,9189
570,Mamoswine,70,26,20,10,-42,37,9209
571,Porygon-Z,45,-24,10,75,-27,47,11264
572,Gallade,28,21,5,5,13,37,2813
573,Gallade (Mega Gallade),28,61,35,5,13,67,10413
574,Probopass,20,-49,85,15,48,-3,12564
575,Dusknoir,5,-4,75,5,33,2,6784
576,Froslass,30,-24,10,20,-32,67,7489
577,Rotom,10,-54,17,35,-25,48,7459
578,Rotom (Heat Rotom),10,-39,47,45,5,43,7729
579,Rotom (Wash Rotom),10,-39,47,45,5,43,7729
580,Rotom (Frost Rotom),10,-39,47,45,5,43,7729
581,Rotom (Fan Rotom),10,-39,47,45,5,43,7729
582,Rotom (Mow Rotom),10,-39,47,45,5,43,7729
583,Uxie,35,-29,70,15,28,52,10679
584,Mesprit,40,1,45,45,3,37,7029
585,Azelf,35,21,10,65,-32,72,12199
586,Dialga,60,16,60,90,-2,47,17769
587,Dialga (Origin Forme),60,-4,60,90,18,47,17849
588,Palkia,50,16,40,90,18,57,16029
589,Palkia (Origin Forme),50,-4,40,90,18,77,18469
590,Heatran,51,-14,46,70,4,34,10985
591,Regigigas,70,56,50,20,8,57,14249
592,Giratina (Altered Forme),110,-4,60,40,18,47,19849
593,Giratina (Origin Forme),110,16,40,60,-2,47,19769
594,Cresselia,80,-34,60,15,28,42,13929
595,Phione,40,-24,20,20,-22,37,4829
596,Manaphy,60,-4,40,40,-2,57,10069
597,Darkrai,30,-14,30,75,-12,82,14489
598,Shaymin (Land Forme),60,-4,40,40,-2,57,10069
599,Shaymin (Sky Forme),60,-1,15,60,-27,84,15211
600,Arceus,80,16,60,60,18,77,20109
601,Victini,60,-4,40,40,-2,57,10069
602,Snivy,5,-59,-5,-15,-47,20,6365
603,Servine,20,-44,15,0,-27,40,4890
604,Serperior,35,-29,35,15,-7,70,8465
605,Tepig,25,-41,-15,-15,-57,2,6009
606,Pignite,50,-11,-5,10,-47,12,5099
607,Emboar,70,19,5,40,-37,22,8739
608,Oshawott,15,-49,-15,3,-57,2,6113
609,Dewott,35,-29,0,23,-42,17,4648
610,Samurott,55,-4,25,48,-32,27,7723
611,Samurott (Hisuian Samurott),50,4,20,40,-37,42,7649
612,Patrat,5,-49,-21,-25,-63,-1,7462
613,Watchog,20,-19,9,0,-33,34,3087
614,Lillipup,5,-44,-15,-35,-57,12,6804
615,Herdier,25,-24,5,-25,-37,17,3509
616,Stoutland,45,6,30,-15,-12,37,4699
617,Purrloin,1,-54,-23,-10,-65,23,8300
618,Liepard,24,-16,-10,28,-52,63,8389
619,Pansage,10,-51,-12,-7,-54,21,6251
620,Simisage,35,-6,3,38,-39,58,7599
621,Pansear,10,-51,-12,-7,-54,21,6251
622,Simisear,35,-6,3,38,-39,58,7599
623,Panpour,10,-51,-12,-7,-54,21,6251
624,Simipour,35,-6,3,38,-39,58,7599
625,Munna,36,-79,-15,7,-47,-19,10381
626,Musharna,76,-49,25,47,-7,-14,11256
627,Pidove,10,-49,-10,-24,-72,0,8361
628,Tranquill,22,-27,2,-10,-60,22,5401
629,Unfezant,40,11,20,5,-47,50,6855
630,Blitzle,5,-44,-28,-10,-70,33,8834
631,Zebstrika,35,-4,3,20,-39,73,8500
632,Roggenrola,15,-29,25,-35,-77,-28,9629
633,Boldore,30,1,45,-10,-62,-23,7399
634,Gigalith,45,31,70,0,-22,-18,8694
635,Woobat,25,-59,-17,-5,-59,29,8742
636,Swoobat,27,-47,-5,17,-47,71,10502
637,Drilbur,20,-19,-20,-30,-57,25,5935
638,Excadrill,70,31,0,-10,-37,45,9355
639,Audino,63,-44,26,0,-16,7,6886
640,Audino (Mega Audino),63,-44,66,20,24,7,11286
641,Timburr,35,-24,-5,-35,-67,-8,7604
642,Gurdurr,45,1,25,-20,-52,-3,5764
643,Conkeldurr,65,36,35,-5,-37,2,8144
644,Tympole,10,-54,-20,-10,-62,21,7801
645,Palpitoad,35,-39,-5,5,-47,26,5681
646,Seismitoad,65,-9,15,25,-27,31,6846
647,Throh,80,-4,25,-30,-17,2,8234
648,Sawk,35,21,15,-30,-27,42,5284
649,Sewaddle,5,-51,10,-20,-42,-1,4891
650,Swadloon,15,-41,30,-10,-22,-1,3391
651,Leavanny,35,-1,20,10,-22,49,4611
652,Venipede,-10,-59,-1,-30,-63,14,8647
653,Whirlipede,0,-49,39,-20,-23,4,4867
654,Scolipede,20,-4,29,-5,-33,69,7132
655,Cottonee,0,-77,0,-23,-52,23,9691
656,Whimsicott,20,-37,25,17,-27,73,8741
657,Petilil,5,-69,-10,10,-52,-13,7859
658,Lilligant,30,-44,15,50,-27,47,8499
659,Lilligant (Hisuian Lilligant),30,1,15,-10,-27,62,5799
660,Basculin,30,-12,5,20,-47,55,6703
661,Sandile,10,-32,-25,-25,-67,22,7347
662,Krokorok,20,-22,-15,-15,-57,31,5544
663,Krookodile,55,13,20,5,-32,49,7044
664,Darumaka,30,-14,-15,-45,-57,7,6644
665,Darumaka (Galarian Darumaka),30,-14,-15,-45,-57,7,6644
666,Darmanitan (Standard Mode),65,36,-5,-30,-47,52,11359
667,Darmanitan (Zen Mode),65,-74,45,80,3,12,18279
668,Darmanitan (Galarian Standard Mode),65,36,-5,-30,-47,52,11359
669,Darmanitan (Galarian Zen Mode),65,56,-5,-30,-47,92,18959
670,Maractus,35,-18,7,46,-35,17,5228
671,Dwebble,10,-39,25,-25,-67,12,7504
672,Crustle,30,1,65,5,-27,2,5884
673,Scraggy,10,-29,10,-25,-32,5,2715
674,Scrafty,25,-14,55,-15,13,15,4465
675,Sigilyph,32,-46,20,43,-22,54,8789
676,Yamask,-2,-74,25,-5,-37,-13,7668
677,Yamask (Galarian Yamask),-2,-49,25,-30,-37,-13,5468
678,Cofagrigus,18,-54,85,35,3,-13,11868
679,Tirtouga,14,-26,43,-7,-57,-21,6460
680,Carracosta,34,4,73,23,-37,-11,8520
681,Archen,15,8,-15,14,-57,27,4688
682,Archeops,35,36,5,52,-37,67,11108
683,Trubbish,10,-54,2,-20,-40,22,5504
684,Garbodor,40,-9,22,0,-20,32,3589
685,Zorua,0,-39,-20,20,-62,22,6649
686,Zorua (Hisuian Zorua),-5,-44,-20,25,-62,27,7559
687,Zoroark,20,1,0,60,-42,62,9609
688,Zoroark (Hisuian Zoroark),15,-4,0,65,-42,67,10719
689,Minccino,15,-54,-20,-20,-62,32,8809
690,Cinccino,35,-9,0,5,-42,72,8279
691,Gothita,5,-74,-10,-5,-37,2,6999
692,Gothorita,20,-59,10,15,-17,12,4639
693,Gothitelle,30,-49,35,35,8,22,6299
694,Solosis,5,-74,-20,45,-52,-23,11159
695,Duosion,25,-64,-10,65,-42,-13,10979
696,Reuniclus,70,-39,15,65,-17,-13,11329
697,Ducklett,22,-60,-10,-16,-52,12,7288
698,Swanna,35,-17,3,27,-39,55,6798
699,Vanillite,-4,-54,-10,5,-42,1,4822
700,Vanillish,11,-39,5,20,-27,16,3052
701,Vanilluxe,31,-9,25,50,-7,36,5512
702,Deerling,20,-44,-10,-20,-52,32,6564
703,Sawsbuck,40,-4,10,0,-32,52,5444
704,Emolga,15,-29,0,15,-42,60,6655
705,Karrablast,10,-29,-15,-20,-57,17,5104
706,Escavalier,30,31,45,0,3,-23,4424
707,Foongus,29,-49,-15,-5,-47,-28,6485
708,Amoonguss,74,-19,10,25,-22,-13,7215
709,Frillish,15,-64,-10,5,-17,-3,4744
710,Jellicent,60,-44,10,25,3,17,6559
711,Alomomola,125,-29,20,-20,-57,22,20999
712,Joltik,10,-57,-10,-3,-52,22,6646
713,Galvantula,30,-27,0,37,-42,65,8987
714,Ferroseed,4,-54,31,-36,-16,-33,6534
715,Ferrothorn,34,-10,71,-6,14,-23,7058
716,Klink,0,-49,10,-15,-42,-13,4659
717,Klang,20,-24,35,10,-17,7,2639
718,Klinklang,20,-4,55,10,-17,47,6039
719,Tynamo,-5,-49,-20,-15,-62,17,7184
720,Eelektrik,25,-19,10,15,-32,-3,2344
721,Eelektross,45,11,20,45,-22,7,5104
722,Elgyem,15,-49,-5,25,-47,-13,5654
723,Beheeyem,35,-29,15,65,-7,-3,6574
724,Litwick,10,-74,-5,5,-47,-23,8364
725,Lampent,20,-64,0,35,-42,12,7629
726,Chandelure,20,-49,30,85,-12,37,12439
727,Axew,6,-17,0,-30,-62,14,5265
728,Fraxure,26,13,10,-20,-52,24,4625
729,Haxorus,36,43,30,0,-32,54,7985
730,Cubchoo,15,-34,-20,0,-62,-3,5634
731,Beartic,55,26,20,10,-22,7,4734
732,Cryogonal,40,-54,-10,35,33,62,10774
733,Shelmet,10,-64,25,-20,-37,-18,6914
734,Accelgor,40,-34,-20,40,-42,102,16924
735,Stunfisk,69,-38,24,21,-3,-11,7352
736,Stunfisk (Galarian Stunfisk),69,-23,39,6,-18,-11,7292
737,Mienfoo,5,-19,-10,-5,-52,22,3699
738,Mienshao,25,21,0,35,-42,62,7899
739,Druddigon,37,16,30,0,-12,5,2694
740,Golett,19,-30,-10,-25,-52,-8,4754
741,Golurk,49,20,20,-5,-22,12,3854
742,Pawniard,5,-19,10,-20,-62,17,5019
743,Bisharp,25,21,40,0,-32,27,4419
744,Bouffalant,55,6,35,-20,-7,12,4879
745,Rufflet,30,-21,-10,-23,-52,17,4963
746,Braviary,60,19,15,-3,-27,37,6293
747,Braviary (Hisuian Braviary),70,-21,10,52,-32,22,9653
748,Vullaby,30,-49,15,-15,-37,17,5409
749,Mandibuzz,70,-39,45,-5,-7,37,9889
750,Heatmor,45,-7,6,45,-36,22,5915
751,Durant,18,5,52,-12,-54,66,10469
752,Deino,12,-39,-10,-15,-52,-5,4719
753,Zweilous,32,-19,10,5,-32,15,2759
754,Hydreigon,52,1,30,65,-12,55,10999
755,Larvesta,15,-19,-5,-10,-47,17,3209
756,Volcarona,45,-44,5,75,3,57,12869
757,Cobalion,51,-14,69,30,-30,65,13583
758,Terrakion,51,25,30,12,-12,65,8639
759,Virizion,51,-14,12,30,27,65,8795
760,Tornadus (Incarnate Forme),39,11,10,65,-22,68,11075
761,Tornadus (Therian Forme),39,-4,20,50,-12,78,10665
762,Thundurus (Incarnate Forme),39,11,10,65,-22,68,11075
763,Thundurus (Therian Forme),39,1,10,85,-22,58,12695
764,Reshiram,60,16,40,90,18,47,16089
765,Zekrom,60,46,60,60,-2,47,15129
766,Landorus (Incarnate Forme),49,21,30,55,-22,58,10615
767,Landorus (Therian Forme),49,41,30,45,-22,48,9795
768,Kyurem,85,26,30,70,-12,52,16549
769,Kyurem (Black Kyurem),85,66,40,60,-12,52,19629
770,Kyurem (White Kyurem),85,16,30,110,-2,52,23189
771,Keldeo,51,-32,30,69,-12,65,13655
772,Meloetta (Aria Forme),60,-27,17,68,26,47,12127
773,Meloetta (Pirouette Forme),60,24,30,17,-25,85,13215
774,Genesect,31,16,35,60,-7,56,9227
775,Chespin,16,-43,5,-12,-57,-5,5548
776,Quilladin,21,-26,35,-4,-44,14,4490
777,Chesnaught,48,3,62,14,-27,21,7523
778,Fennekin,0,-59,-20,2,-42,17,5938
779,Braixen,19,-45,-2,30,-32,30,5214
780,Delphox,35,-35,12,54,-2,61,9235
781,Froakie,1,-48,-20,2,-58,28,6857
782,Frogadier,14,-41,-8,23,-46,54,7502
783,Greninja,32,-9,7,43,-31,79,10205
784,Greninja (Ash-Greninja),32,41,7,93,-31,89,20285
785,Bunnelby,-2,-68,-22,-28,-66,14,10448
786,Diggersby,45,-48,17,-10,-25,35,6568
787,Fletchling,5,-54,-17,-20,-64,19,8087
788,Fletchinder,22,-31,-5,-4,-50,41,5667
789,Talonflame,38,-23,11,14,-33,83,10268
790,Scatterbug,-2,-69,-20,-33,-77,-8,12247
791,Spewpa,5,-82,0,-33,-72,-14,13218
792,Vivillon,40,-52,-10,30,-52,46,10124
793,Litleo,22,-54,-2,13,-48,29,6718
794,Pyroar,46,-36,12,49,-36,63,11222
795,Flabébé,4,-66,-21,1,-23,-1,5344
796,Floette,14,-59,-13,15,-4,9,4168
797,Florges,38,-39,8,52,52,32,9461
798,Skiddo,26,-39,-12,2,-45,9,4451
799,Gogoat,83,-4,2,37,-21,25,9344
800,Pancham,27,-22,2,-14,-54,0,4329
801,Pangoro,55,20,18,9,-31,15,5016
802,Furfrou,35,-24,0,5,-12,59,5451
803,Espurr,22,-56,-6,3,-42,25,6054
804,Meowstic,34,-56,16,23,-21,61,9239
805,Honedge,5,-24,40,-25,-65,-15,7276
806,Doublade,19,6,90,-15,-53,-8,11595
807,Aegislash (Shield Forme),20,-54,80,-10,38,17,11549
808,Aegislash (Blade Forme),20,36,-10,80,-52,17,11189
809,Spritzee,38,-52,0,3,-37,-20,5926
810,Aromatisse,61,-32,12,39,-13,-14,6775
811,Swirlix,22,-56,6,-1,-45,6,5718
812,Slurpuff,42,-24,26,25,-27,29,5211
813,Inkay,13,-50,-7,-23,-56,2,6387
814,Malamar,46,-12,28,8,-27,30,4737
815,Binacle,2,-52,7,-21,-46,7,5363
816,Barbaracle,32,1,55,-6,-16,25,4967
817,Skrelp,10,-44,0,0,-42,-13,3969
818,Dragalge,25,-29,30,37,21,1,4177
819,Clauncher,10,-51,2,-2,-39,1,4231
820,Clawitzer,31,-31,28,60,-13,16,6731
821,Helioptile,4,-66,-27,1,-59,27,9312
822,Heliolisk,22,-49,-8,49,-8,66,9770
823,Tyrunt,18,-15,17,-15,-57,5,4337
824,Tyrantrum,42,17,59,9,-43,28,8248
825,Amaura,37,-45,-10,7,-39,3,5073
826,Aurorus,83,-27,12,39,-10,15,9608
827,Sylveon,55,-39,5,50,28,17,8144
828,Hawlucha,38,-12,15,14,-39,75,9155
829,Dedenne,27,-46,-3,21,-35,58,7884
830,Carbink,10,-54,90,-10,48,7,13569
831,Goomy,5,-54,-25,-5,-27,-3,4329
832,Sliggoo,28,-29,-7,23,11,17,2613
833,Sliggoo (Hisuian Sliggoo),18,-29,23,23,11,-3,2353
834,Goodra,50,-4,10,50,48,37,8789
835,Goodra (Hisuian Goodra),40,-4,40,50,48,17,8309
836,Klefki,17,-24,31,20,-15,32,3475
837,Phantump,3,-34,-12,-10,-42,-5,3198
838,Trevenant,45,6,16,5,-20,13,2911
839,Pumpkaboo (Small Size),4,-38,10,-16,-47,13,4194
840,Pumpkaboo (Average Size),9,-38,10,-16,-47,8,4154
841,Pumpkaboo (Large Size),14,-38,10,-16,-47,3,4214
842,Pumpkaboo (Super Size),19,-38,10,-16,-47,-2,4374
843,Gourgeist (Small Size),15,-19,62,-2,-27,56,8299
844,Gourgeist (Average Size),25,-14,62,-2,-27,41,7079
845,Gourgeist (Large Size),35,-9,62,-2,-27,26,6559
846,Gourgeist (Super Size),45,-4,62,-2,-27,11,6739
847,Bergmite,15,-35,25,-28,-67,-15,7573
848,Avalugg,55,13,124,-16,-56,-15,22187
849,Avalugg (Hisuian Avalugg),55,23,124,-26,-66,-5,23987
850,Noibat,0,-74,-25,-15,-62,12,10314
851,Noivern,45,-34,20,37,-22,80,11834
852,Xerneas,86,27,35,71,-4,56,17543
853,Yveltal,86,27,35,71,-4,56,17543
854,Zygarde (50% Forme),68,-4,61,21,-7,52,11555
855,Zygarde (10% Forme),14,-4,11,1,-17,72,5807
856,Zygarde (Complete Forme),176,-4,61,31,-7,42,37487
857,Diancie,10,-4,90,40,48,7,12169
858,Diancie (Mega Diancie),10,56,50,100,8,67,20289
859,Hoopa (Hoopa Confined),40,6,0,90,28,27,11249
860,Hoopa (Hoopa Unbound),40,56,0,110,28,37,18989
861,Volcanion,40,6,60,70,-12,27,11009
862,Rowlet,28,-49,-5,-10,-52,-1,6015
863,Dartrix,38,-29,15,10,-32,9,3715
864,Decidueye,38,3,15,40,-2,27,4011
865,Decidueye (Hisuian Decidueye),48,8,20,35,-7,17,4331
866,Litten,5,-39,-20,0,-62,27,6519
867,Torracat,25,-19,-10,20,-52,47,6399
868,Incineroar,55,11,30,20,-12,17,4879
869,Popplio,10,-50,-6,6,-46,-3,4797
870,Brionne,20,-35,9,31,-21,7,3157
871,Primarina,40,-30,14,66,14,17,7537
872,Pikipek,-5,-29,-30,-30,-72,22,8334
873,Trumbeak,15,-19,-10,-20,-52,32,4814
874,Toucannon,40,16,15,15,-27,17,3324
875,Yungoos,8,-34,-30,-30,-72,2,8208
876,Gumshoos,48,6,0,-5,-42,2,4133
877,Grubbin,7,-42,-15,-5,-57,3,5321
878,Charjabug,17,-22,35,-5,-27,-7,2801
879,Vikavolt,37,-34,30,85,-27,0,11379
880,Crabrawler,7,-22,-3,-18,-55,20,4291
881,Crabominable,57,28,17,2,-35,0,5551
882,Oricorio,35,-34,10,38,-32,50,7449
883,Cutiefly,0,-59,-20,-5,-62,41,9431
884,Ribombee,20,-49,0,35,-32,81,11611
885,Rockruff,5,-39,-20,-30,-62,17,6979
886,Lycanroc (Midday Form),35,11,5,-5,-37,69,7526
887,Lycanroc (Midnight Form),45,11,15,-5,-27,39,4646
888,Lycanroc (Dusk Form),35,13,5,-5,-37,67,7302
889,Wishiwashi (Solo Form),5,-84,-40,-35,-77,-3,15844
890,Wishiwashi (School Form),5,36,70,80,33,-13,13879
891,Mareanie,10,-51,2,-17,-50,2,5498
892,Toxapex,10,-41,92,-7,40,-8,11958
893,Mudbray,30,-4,10,-15,-47,2,3454
894,Mudsdale,60,21,40,-5,-17,-8,6019
895,Dewpider,-2,-64,-8,-20,-30,-16,5720
896,Araquanid,28,-34,32,-10,30,-1,3965
897,Fomantis,0,-49,-25,-10,-67,-8,7679
898,Lurantis,30,1,30,20,-12,2,2349
899,Morelull,0,-69,-5,5,-27,-28,6324
900,Shiinotic,20,-59,20,30,-2,-13,5354
901,Salandit,8,-60,-20,11,-62,34,9185
902,Salazzle,28,-40,0,51,-42,74,12225
903,Stufful,30,-29,-10,-15,-52,7,4819
904,Bewear,80,21,20,-5,-42,17,9319
905,Bounsweet,2,-74,-22,-30,-64,-11,11081
906,Steenee,12,-64,-12,-20,-54,19,8061
907,Tsareena,32,16,38,-10,-4,29,3681
908,Comfey,11,-52,30,22,8,57,7522
909,Oranguru,50,-44,20,30,8,17,6089
910,Passimian,60,16,30,-20,-42,37,8289
911,Wimpod,-15,-69,-20,-40,-72,37,13539
912,Golisopod,35,21,80,0,-12,-3,8219
913,Sandygast,15,-49,20,10,-57,-28,7159
914,Palossand,45,-29,50,40,-27,-8,7759
915,Pyukumuku,15,-44,70,-30,28,-38,10189
916,Type: Null,55,-9,35,35,-7,16,5861
917,Silvally,55,-9,35,35,-7,52,8309
918,Minior (Meteor Form),20,-44,40,0,-2,17,4229
919,Minior (Core),20,-4,0,40,-42,77,9709
920,Komala,25,11,5,15,-7,22,1529
921,Turtonator,20,-26,75,31,-17,-7,8000
922,Togedemaru,25,-6,3,-20,-29,53,4720
923,Mimikyu,15,-14,20,-10,3,53,3739
924,Bruxish,28,1,10,10,-32,49,4410
925,Drampa,38,-44,25,75,-11,-7,9800
926,Dhelmise,30,27,40,26,-12,-3,4058
927,Jangmo-o,5,-49,5,-15,-57,2,5929
928,Hakamo-o,15,-29,30,5,-32,22,3499
929,Kommo-o,35,6,65,40,3,42,8859
930,Tapu Koko,30,11,25,35,-27,87,11169
931,Tapu Lele,30,-19,15,70,13,52,9259
932,Tapu Bulu,30,26,55,25,-7,32,6299
933,Tapu Fini,30,-29,55,35,28,42,8539
934,Cosmog,3,-75,-29,-31,-71,-6,12513
935,Cosmoem,3,-75,71,-31,29,-6,12513
936,Solgaleo,97,33,47,53,-13,54,18601
937,Lunala,97,9,29,77,5,54,19201
938,Nihilego,69,-51,-13,67,29,60,16461
939,Buzzwole,67,35,79,-7,-49,36,15701
940,Pheromosa,31,33,-23,77,-65,108,24397
941,Xurkitree,43,-15,11,113,-31,40,17525
942,Celesteela,57,-3,43,47,-1,18,7641
943,Kartana,19,77,71,-1,-71,66,20729
944,Guzzlord,183,-3,-7,37,-49,0,37317
945,Necrozma,57,3,41,67,-13,36,10893
946,Necrozma (Dusk Mane Necrozma),57,53,67,53,7,34,14561
947,Necrozma (Dawn Wings Necrozma),57,9,49,97,25,34,16921
948,Necrozma (Ultra Necrozma),57,63,37,107,-5,86,27457
949,Magearna,40,-9,55,70,13,22,10259
950,Marshadow,50,21,20,30,-12,82,11109
951,Poipole,27,-31,7,13,-35,30,4033
952,Naganadel,33,-31,13,67,-29,78,13633
953,Stakataka,21,27,151,-7,-1,-30,24921
954,Blacephalon,13,23,-7,91,-23,64,13653
955,Zeraora,48,8,15,42,-22,100,14841
956,Meltan,6,-39,5,-5,-67,-9,6177
957,Melmetal,95,39,83,20,-37,-9,19285
958,Grookey,10,-39,-10,-20,-62,22,6449
959,Thwackey,30,-19,10,-5,-42,37,4519
960,Rillaboom,60,21,30,0,-32,42,7729
961,Scorbunny,10,-33,-20,-20,-62,26,6509
962,Raboot,25,-18,0,-5,-42,51,5339
963,Cinderace,40,12,15,5,-27,76,8499
964,Sobble,10,-64,-20,10,-62,27,9269
965,Drizzile,25,-44,-5,35,-47,47,8229
966,Inteleon,30,-19,5,65,-37,77,12809
967,Skwovet,30,-49,-5,-25,-67,-18,8764
968,Greedent,80,-9,35,-5,-27,-23,8989
969,Rookidee,-2,-57,-25,-27,-67,14,9292
970,Corvisquire,28,-37,-5,-17,-47,34,5832
971,Corviknight,58,-17,45,-7,-17,24,6592
972,Blipbug,-15,-84,-40,-35,-57,2,13359
973,Dottler,10,-69,20,-10,-12,-13,5674
974,Orbeetle,20,-59,50,20,18,47,9314
975,Nickit,0,-76,-32,-13,-50,7,9518
976,Thievul,30,-46,-2,27,-10,47,6058
977,Gossifleur,0,-64,0,-20,-42,-33,7349
978,Eldegoss,20,-54,30,20,18,17,5229
979,Wooloo,2,-64,-5,-20,-57,5,7799
980,Dubwool,32,-24,40,0,-12,45,5369
981,Chewtle,10,-40,-10,-22,-64,1,6381
982,Drednaw,50,11,30,-12,-34,31,5782
983,Yamper,19,-59,-10,-20,-52,-17,7335
984,Boltund,29,-14,0,30,-42,78,9785
985,Rolycoly,-10,-64,-10,-20,-52,-13,7569
986,Carkol,40,-44,30,0,-32,7,5509
987,Coalossal,70,-24,60,20,-12,-13,9789
988,Applin,0,-64,20,-20,-62,-23,9269
989,Flapple,30,6,20,35,-42,27,5054
990,Appletun,70,-19,20,40,-22,-13,7914
991,Silicobra,12,-47,15,-25,-52,3,5916
992,Sandaconda,32,3,65,5,-32,28,7091
993,Cramorant,30,-19,-5,25,-7,42,3724
994,Arrokuda,1,-41,-20,-20,-72,23,8195
995,Barraskewda,21,19,0,0,-52,93,12155
996,Toxel,0,-66,-25,-6,-67,-3,9515
997,Toxtricity,35,-6,10,54,-32,32,6325
998,Sizzlipede,10,-39,-15,-10,-52,2,4654
999,Centiskorch,60,11,5,30,-12,22,5274
1000,Clobbopus,10,-36,0,-10,-52,-11,4321
1001,Grapploct,40,14,30,10,-22,-1,3281
1002,Sinistea,0,-59,-15,14,-48,7,6255
1003,Polteageist,20,-39,5,74,12,27,8295
1004,Hatenna,2,-74,-15,-4,-49,-4,8138
1005,Hattrem,17,-64,5,26,-29,6,5963
1006,Hatterene,17,-14,35,76,1,-14,7683
1007,Impidimp,5,-59,-30,-5,-62,7,8324
1008,Morgrem,25,-44,-15,15,-47,27,5949
1009,Grimmsnarl,55,16,5,35,-27,17,5549
1010,Obstagoon,53,-14,41,0,-21,52,7831
1011,Perrserker,30,6,40,-10,-42,7,4449
1012,Cursola,20,-9,-10,85,28,-13,8759
1013,Sirfetch'd,22,31,35,8,-20,22,3618
1014,Mr. Rime,40,-19,15,50,-2,27,5419
1015,Runerigus,18,-9,85,-10,3,-13,7908
1016,Milcery,5,-64,-20,-10,-41,-9,6383
1017,Alcremie,25,-44,15,50,19,21,6088
1018,Falinks,25,-4,40,10,-42,32,5129
1019,Pincurchin,8,-3,35,31,-17,-28,3332
1020,Snom,-10,-79,-25,-15,-72,-23,12904
1021,Frosmoth,30,-39,0,65,-12,22,7274
1022,Stonjourner,60,21,75,-40,-82,27,18719
1023,Eiscue (Ice Face),35,-24,50,5,-12,7,4519
1024,Eiscue (Noice Face),35,-24,10,5,-52,87,12199
1025,Indeedee (Male),20,-39,-5,45,-7,52,6724
1026,Indeedee (Female),30,-49,5,35,3,42,6324
1027,Morpeko,18,-9,-2,10,-44,54,5361
1028,Cufant,32,-24,-11,-20,-53,-3,4939
1029,Copperajah,82,26,9,20,-33,-13,9139
1030,Dracozolt,50,-4,30,20,-32,32,5864
1031,Arctozolt,50,-4,30,30,-22,12,4944
1032,Dracovish,50,-14,40,10,-22,32,5904
1033,Arctovish,50,-14,40,20,-12,12,4984
1034,Duraludon,30,-9,55,60,-52,42,12074
1035,Dreepy,-12,-44,-30,-20,-72,39,10085
1036,Drakloak,28,-24,-10,0,-52,59,7645
1037,Dragapult,48,16,15,40,-27,99,14915
1038,Zacian (Hero of Many Battles),52,16,55,20,13,95,15579
1039,Zacian (Crowned Sword),52,46,55,20,13,105,19439
1040,Zamazenta (Hero of Many Battles),52,16,55,20,13,95,15579
1041,Zamazenta (Crowned Shield),52,16,80,20,38,85,18429
1042,Eternatus,100,-19,35,85,-7,87,26429
1043,Eternatus (Eternamax Eternatus),215,11,190,65,148,87,116144
1044,Kubfu,20,-14,0,-7,-52,29,4190
1045,Urshifu,60,26,40,3,-42,54,10565
1046,Zarude,65,16,45,10,-7,62,10499
1047,Regieleki,40,-4,-10,40,-52,157,30669
1048,Regidrago,160,-4,-10,40,-52,37,31389
1049,Glastrier,60,41,70,5,8,-13,10439
1050,Spectrier,60,-39,0,85,-22,87,20399
1051,Calyrex,60,-24,20,20,-22,37,6829
1052,Calyrex (Ice Rider Calyrex),60,61,90,25,28,7,16879
1053,Calyrex (Shadow Rider Calyrex),60,-19,20,105,-2,107,26839
1054,Wyrdeer,63,1,12,45,-27,22,7352
1055,Kleavor,30,31,35,-15,-32,42,6099
1056,Ursaluna,90,36,45,-15,-22,7,12179
1057,Basculegion (Male),80,8,5,20,-27,35,8843
1058,Basculegion (Female),80,-12,5,40,-27,35,10123
1059,Sneasler,40,26,0,-20,-22,77,9089
1060,Overqwil,45,11,35,5,-37,42,6529
1061,Enamorus (Incarnate Forme),34,11,10,75,-22,63,11455
1062,Enamorus (Therian Forme),34,11,50,75,-2,3,9415
1063,Sprigatito,0,-43,-6,-15,-57,22,5843
1064,Floragato,21,-24,3,0,-39,40,4147
1065,Meowscarada,36,6,10,21,-32,80,9297
1066,Fuecoco,27,-59,-1,3,-62,-7,8113
1067,Crocalor,41,-49,18,30,-44,6,7278
1068,Skeledirge,64,-29,40,50,-27,23,10295
1069,Quaxly,15,-39,-15,-10,-57,7,5369
1070,Quaxwell,30,-19,5,5,-42,22,3559
1071,Quaquaval,45,16,20,25,-27,42,5799
1072,Lechonk,14,-59,-20,-25,-57,-8,8015
1073,Oinkologne (Male),70,-4,15,-1,-22,22,6110
1074,Oinkologne (Female),75,-14,10,-1,-12,22,6550
1075,Tarountula,-5,-63,-15,-31,-62,-23,9553
1076,Spidops,20,-25,32,-8,-16,-8,2433
1077,Nymble,-7,-58,-20,-39,-77,2,11267
1078,Lokix,31,-2,18,-8,-47,49,5963
1079,Pawmi,5,-54,-40,-20,-77,17,11159
1080,Pawmo,20,-29,-20,-10,-62,42,7349
1081,Pawmot,30,11,10,10,-42,62,6829
1082,Tandemaus,10,-54,-15,-20,-57,32,7914
1083,Maushold,34,-29,10,5,-27,68,7475
1084,Fidough,-3,-49,10,-30,-47,22,6103
1085,Dachsbun,17,-24,55,-10,-22,52,7178
1086,Smoliv,1,-69,-15,-2,-51,-13,7761
1087,Dolliv,12,-51,0,18,-24,-10,3745
1088,Arboliva,38,-35,30,65,7,-4,7859
1089,Squawkabilly,42,-8,-9,-15,-51,49,7136
1090,Nacli,15,-49,15,-25,-67,-18,8289
1091,Naclstack,20,-44,40,-25,-37,-8,5994
1092,Garganacl,60,-4,70,-15,-12,-8,8949
1093,Charcadet,0,-54,-20,-10,-62,-8,7324
1094,Armarouge,45,-44,40,65,-22,32,11294
1095,Ceruledge,35,21,20,0,-2,42,3834
1096,Tadbulb,21,-73,-19,-1,-67,2,10625
1097,Bellibolt,69,-40,31,43,-19,2,9536
1098,Wattrel,0,-64,-25,-5,-62,27,9319
1099,Kilowattrel,30,-34,0,45,-42,82,12569
1100,Maschiff,20,-26,0,-20,-51,8,4141
1101,Mabosstiff,40,16,30,0,-32,42,5544
1102,Shroodle,0,-39,-25,-20,-67,32,8059
1103,Grafaiai,23,-9,5,20,-30,67,6424
1104,Bramblin,0,-39,-30,-15,-67,17,7424
1105,Brambleghast,15,11,10,20,-32,47,4079
1106,Toedscool,0,-64,-25,-10,-2,27,5554
1107,Toedscruel,40,-34,5,20,18,57,6754
1108,Klawf,30,-4,55,-25,-47,32,7799
1109,Capsakid,10,-42,-20,2,-62,7,6161
1110,Scovillain,25,4,5,48,-37,32,5363
1111,Rellor,1,-54,0,-29,-44,-13,5863
1112,Rabsca,35,-54,25,55,-2,2,7799
1113,Flittle,-10,-69,-30,-5,-72,32,11994
1114,Espathra,55,-44,0,41,-42,62,12250
1115,Tinkatink,10,-59,-15,-25,-38,15,6100
1116,Tinkatuff,25,-49,-5,-15,-20,35,4901
1117,Tinkaton,45,-29,17,10,3,51,5865
1118,Wiglett,-30,-49,-35,-25,-77,52,13784
1119,Wugtrio,-5,-4,-10,-10,-32,77,7194
1120,Bombirdier,30,-1,25,0,-17,39,3336
1121,Finizen,30,-59,-20,-15,-62,32,9874
1122,Palafin,60,-34,12,-7,-40,57,9798
1123,Palafin,60,56,37,46,-15,57,13695
1124,Varoom,5,-34,3,-30,-57,4,5355
1125,Revavroom,40,15,30,-6,-35,47,6195
1126,Cyclizar,30,-9,5,25,-37,78,9084
1127,Orthworm,30,-19,85,0,-47,22,11179
1128,Glimmet,8,-69,-18,45,-42,17,9227
1129,Glimmora,43,-49,30,70,-21,43,12340
1130,Greavard,10,-43,0,-30,-47,-9,5139
1131,Houndstone,32,-3,40,-10,-5,25,3383
1132,Flamigo,42,11,14,15,-38,47,5959
1133,Cetoddle,68,-36,-15,-30,-62,0,10889
1134,Cetitan,130,9,5,-15,-47,30,20340
1135,Veluza,50,-2,13,18,-37,27,5095
1136,Dondozo,110,-4,55,5,-37,-8,16599
1137,Tatsugiri,28,-54,0,60,-7,39,8870
1138,Annihilape,70,11,20,-10,-12,47,7874
1139,Clodsire,90,-29,0,-15,-2,-23,9699
1140,Farigiraf,80,-14,10,50,-32,17,10509
1141,Dudunsparce,85,-4,20,25,-27,12,9139
1142,Kingambit,60,31,60,0,-17,7,8499
1143,Great Tusk,75,27,71,-7,-49,44,15781
1144,Scream Tail,75,-39,39,5,13,68,13485
1145,Brute Bonnet,71,23,39,19,-3,12,7605
1146,Flutter Mane,15,-49,-5,75,33,92,17829
1147,Slither Wing,45,31,19,25,3,38,5425
1148,Sandy Shocks,45,-23,37,61,-17,58,11297
1149,Iron Treads,50,8,60,12,-32,63,11301
1150,Iron Bundle,16,-24,54,64,-42,93,18257
1151,Iron Hands,114,36,48,-10,-34,7,17901
1152,Iron Jugulis,54,-24,26,62,-22,65,12721
1153,Iron Moth,40,-34,0,80,8,67,13709
1154,Iron Thorns,60,30,50,10,-18,29,8265
1155,Frigibax,25,-29,-15,-25,-57,12,5709
1156,Arctibax,50,-9,6,-15,-37,19,4572
1157,Baxcalibur,75,41,32,15,-16,44,10747
1158,Gimmighoul (Chest Form),5,-74,10,15,-32,-33,7939
1159,Gimmighoul (Roaming Form),5,-74,-35,15,-57,37,11569
1160,Gholdengo,47,-44,35,73,-11,41,12501
1161,Wo-Chien,45,-19,40,35,33,27,7029
1162,Chien-Pao,40,16,20,30,-37,92,12989
1163,Ting-Lu,115,6,65,-5,-22,2,17999
1164,Chi-Yu,15,-24,20,75,18,57,10399
1165,Roaring Moon,65,35,11,-5,-1,76,11373
1166,Iron Valiant,34,26,30,60,-42,73,13425
1167,Koraidon,60,31,55,25,-2,92,16679
1168,Miraidon,60,-19,40,75,13,92,19819
